<?xml version="1.0" encoding="UTF-8"?>
<export version="E">
  <design>
    <source>P:\Personal\Electronics\Projects\Preheater\Preheater-Main\Preheater-Main.kicad_sch</source>
    <date>6/2/2023 10:46:25 PM</date>
    <tool>Eeschema 7.0.1</tool>
    <sheet number="1" name="/" tstamps="/">
      <title_block>
        <title/>
        <company/>
        <rev/>
        <date/>
        <source>Preheater-Main.kicad_sch</source>
        <comment number="1" value=""/>
        <comment number="2" value=""/>
        <comment number="3" value=""/>
        <comment number="4" value=""/>
        <comment number="5" value=""/>
        <comment number="6" value=""/>
        <comment number="7" value=""/>
        <comment number="8" value=""/>
        <comment number="9" value=""/>
      </title_block>
    </sheet>
    <sheet number="2" name="/Board Top TempSense/" tstamps="/5140a431-0c28-45df-847f-9bd9b5d5eebe/">
      <title_block>
        <title/>
        <company/>
        <rev/>
        <date/>
        <source>TempSense.kicad_sch</source>
        <comment number="1" value=""/>
        <comment number="2" value=""/>
        <comment number="3" value=""/>
        <comment number="4" value=""/>
        <comment number="5" value=""/>
        <comment number="6" value=""/>
        <comment number="7" value=""/>
        <comment number="8" value=""/>
        <comment number="9" value=""/>
      </title_block>
    </sheet>
    <sheet number="3" name="/Board Bot TempSense/" tstamps="/870f25b5-53e5-4492-b739-84b46d89a791/">
      <title_block>
        <title/>
        <company/>
        <rev/>
        <date/>
        <source>TempSense.kicad_sch</source>
        <comment number="1" value=""/>
        <comment number="2" value=""/>
        <comment number="3" value=""/>
        <comment number="4" value=""/>
        <comment number="5" value=""/>
        <comment number="6" value=""/>
        <comment number="7" value=""/>
        <comment number="8" value=""/>
        <comment number="9" value=""/>
      </title_block>
    </sheet>
    <sheet number="4" name="/Ambient TempSense/" tstamps="/141f3079-8334-4f4a-9977-ad69ae4aaaae/">
      <title_block>
        <title/>
        <company/>
        <rev/>
        <date/>
        <source>TempSense.kicad_sch</source>
        <comment number="1" value=""/>
        <comment number="2" value=""/>
        <comment number="3" value=""/>
        <comment number="4" value=""/>
        <comment number="5" value=""/>
        <comment number="6" value=""/>
        <comment number="7" value=""/>
        <comment number="8" value=""/>
        <comment number="9" value=""/>
      </title_block>
    </sheet>
  </design>
  <components>
    <comp ref="A1">
      <value>Arduino_UNO_R3</value>
      <footprint>Module:Arduino_UNO_R3</footprint>
      <datasheet>https://www.arduino.cc/en/Main/arduinoBoardUno</datasheet>
      <libsource lib="MCU_Module" part="Arduino_UNO_R3" description="Arduino UNO Microcontroller Module, release 3"/>
      <property name="Sheetname" value=""/>
      <property name="Sheetfile" value="Preheater-Main.kicad_sch"/>
      <property name="ki_description" value="Arduino UNO Microcontroller Module, release 3"/>
      <property name="ki_keywords" value="Arduino UNO R3 Microcontroller Module Atmel AVR USB"/>
      <sheetpath names="/" tstamps="/"/>
      <tstamps>f8ffb921-3e85-48c6-a13b-a389d7f97e59</tstamps>
    </comp>
    <comp ref="D1">
      <value>LED</value>
      <footprint>LED_THT:LED_D1.8mm_W3.3mm_H2.4mm</footprint>
      <libsource lib="Device" part="LED" description="Light emitting diode"/>
      <property name="Sheetname" value=""/>
      <property name="Sheetfile" value="Preheater-Main.kicad_sch"/>
      <property name="ki_description" value="Light emitting diode"/>
      <property name="ki_keywords" value="LED diode"/>
      <sheetpath names="/" tstamps="/"/>
      <tstamps>75c5415d-5534-4ede-a5d6-15273501ce08</tstamps>
    </comp>
    <comp ref="J1">
      <value>Screw_Terminal_01x04</value>
      <footprint>Connector_PinHeader_2.54mm:PinHeader_1x04_P2.54mm_Vertical</footprint>
      <libsource lib="Connector" part="Screw_Terminal_01x04" description="Generic screw terminal, single row, 01x04, script generated (kicad-library-utils/schlib/autogen/connector/)"/>
      <property name="Sheetname" value=""/>
      <property name="Sheetfile" value="Preheater-Main.kicad_sch"/>
      <property name="ki_description" value="Generic screw terminal, single row, 01x04, script generated (kicad-library-utils/schlib/autogen/connector/)"/>
      <property name="ki_keywords" value="screw terminal"/>
      <sheetpath names="/" tstamps="/"/>
      <tstamps>d89ad7ea-b846-4512-9970-ad9f4dc92bc8</tstamps>
    </comp>
    <comp ref="J2">
      <value>Screw_Terminal_01x02</value>
      <footprint>Connector_PinHeader_2.54mm:PinHeader_1x02_P2.54mm_Vertical</footprint>
      <libsource lib="Connector" part="Screw_Terminal_01x02" description="Generic screw terminal, single row, 01x02, script generated (kicad-library-utils/schlib/autogen/connector/)"/>
      <property name="Sheetname" value=""/>
      <property name="Sheetfile" value="Preheater-Main.kicad_sch"/>
      <property name="ki_description" value="Generic screw terminal, single row, 01x02, script generated (kicad-library-utils/schlib/autogen/connector/)"/>
      <property name="ki_keywords" value="screw terminal"/>
      <sheetpath names="/" tstamps="/"/>
      <tstamps>0719fd09-11e9-4606-a257-32903c205896</tstamps>
    </comp>
    <comp ref="J6">
      <value>Screw_Terminal_01x04</value>
      <footprint>Connector_PinHeader_2.54mm:PinHeader_1x04_P2.54mm_Vertical</footprint>
      <libsource lib="Connector" part="Screw_Terminal_01x04" description="Generic screw terminal, single row, 01x04, script generated (kicad-library-utils/schlib/autogen/connector/)"/>
      <property name="Sheetname" value=""/>
      <property name="Sheetfile" value="Preheater-Main.kicad_sch"/>
      <property name="ki_description" value="Generic screw terminal, single row, 01x04, script generated (kicad-library-utils/schlib/autogen/connector/)"/>
      <property name="ki_keywords" value="screw terminal"/>
      <sheetpath names="/" tstamps="/"/>
      <tstamps>523ffe15-4867-4c8b-bba9-67c508fa4d21</tstamps>
    </comp>
    <comp ref="R1">
      <value>220R</value>
      <footprint>Capacitor_THT:CP_Axial_L10.0mm_D4.5mm_P15.00mm_Horizontal</footprint>
      <libsource lib="Device" part="R" description="Resistor"/>
      <property name="Sheetname" value=""/>
      <property name="Sheetfile" value="Preheater-Main.kicad_sch"/>
      <property name="ki_description" value="Resistor"/>
      <property name="ki_keywords" value="R res resistor"/>
      <sheetpath names="/" tstamps="/"/>
      <tstamps>29f4d9a3-c264-4ebf-9d3e-a90f983862fa</tstamps>
    </comp>
    <comp ref="SW1">
      <value>RotaryEncoder_Switch</value>
      <footprint>Connector_PinHeader_2.54mm:PinHeader_1x04_P2.54mm_Vertical</footprint>
      <libsource lib="Device" part="RotaryEncoder_Switch" description="Rotary encoder, dual channel, incremental quadrate outputs, with switch"/>
      <property name="Sheetname" value=""/>
      <property name="Sheetfile" value="Preheater-Main.kicad_sch"/>
      <property name="ki_description" value="Rotary encoder, dual channel, incremental quadrate outputs, with switch"/>
      <property name="ki_keywords" value="rotary switch encoder switch push button"/>
      <sheetpath names="/" tstamps="/"/>
      <tstamps>66ea2c86-6d44-4a30-a502-8e83cad5f519</tstamps>
    </comp>
    <comp ref="SW2">
      <value>SW_SPST</value>
      <footprint>Connector_PinHeader_2.54mm:PinHeader_1x02_P2.54mm_Vertical</footprint>
      <libsource lib="Switch" part="SW_SPST" description="Single Pole Single Throw (SPST) switch"/>
      <property name="Sheetname" value=""/>
      <property name="Sheetfile" value="Preheater-Main.kicad_sch"/>
      <property name="ki_description" value="Single Pole Single Throw (SPST) switch"/>
      <property name="ki_keywords" value="switch lever"/>
      <sheetpath names="/" tstamps="/"/>
      <tstamps>98bf300d-c0c3-42f2-8bf5-9b558a312c29</tstamps>
    </comp>
    <comp ref="U1">
      <value>TFT+SDCard 1x13</value>
      <footprint>Connector_PinHeader_2.54mm:PinHeader_1x13_P2.54mm_Vertical</footprint>
      <libsource lib="DisplayDevices_Library" part="TFT+SDCard128x160" description=""/>
      <property name="Sheetname" value=""/>
      <property name="Sheetfile" value="Preheater-Main.kicad_sch"/>
      <sheetpath names="/" tstamps="/"/>
      <tstamps>65e7fd3b-775f-46ba-a88b-6b54f7340ea3</tstamps>
    </comp>
    <comp ref="C1">
      <value>2uF</value>
      <footprint>Capacitor_THT:C_Disc_D3.0mm_W1.6mm_P2.50mm</footprint>
      <libsource lib="Device" part="C" description="Unpolarized capacitor"/>
      <property name="Sheetname" value="Board Top TempSense"/>
      <property name="Sheetfile" value="TempSense.kicad_sch"/>
      <property name="ki_description" value="Unpolarized capacitor"/>
      <property name="ki_keywords" value="cap capacitor"/>
      <sheetpath names="/Board Top TempSense/" tstamps="/5140a431-0c28-45df-847f-9bd9b5d5eebe/"/>
      <tstamps>f04a06e0-8824-499a-9ad2-b59b2d1a5432</tstamps>
    </comp>
    <comp ref="C2">
      <value>22uF</value>
      <footprint>Capacitor_THT:C_Disc_D3.0mm_W1.6mm_P2.50mm</footprint>
      <libsource lib="Device" part="C" description="Unpolarized capacitor"/>
      <property name="Sheetname" value="Board Top TempSense"/>
      <property name="Sheetfile" value="TempSense.kicad_sch"/>
      <property name="ki_description" value="Unpolarized capacitor"/>
      <property name="ki_keywords" value="cap capacitor"/>
      <sheetpath names="/Board Top TempSense/" tstamps="/5140a431-0c28-45df-847f-9bd9b5d5eebe/"/>
      <tstamps>8e33bf32-bfcf-47fb-b3d5-28b8903c47f3</tstamps>
    </comp>
    <comp ref="C3">
      <value>2uF</value>
      <footprint>Capacitor_THT:C_Disc_D3.0mm_W1.6mm_P2.50mm</footprint>
      <libsource lib="Device" part="C" description="Unpolarized capacitor"/>
      <property name="Sheetname" value="Board Top TempSense"/>
      <property name="Sheetfile" value="TempSense.kicad_sch"/>
      <property name="ki_description" value="Unpolarized capacitor"/>
      <property name="ki_keywords" value="cap capacitor"/>
      <sheetpath names="/Board Top TempSense/" tstamps="/5140a431-0c28-45df-847f-9bd9b5d5eebe/"/>
      <tstamps>20f9925f-72e5-4dd2-a667-5e77bc355f0b</tstamps>
    </comp>
    <comp ref="C4">
      <value>100nF</value>
      <footprint>Capacitor_THT:C_Disc_D3.0mm_W1.6mm_P2.50mm</footprint>
      <libsource lib="Device" part="C" description="Unpolarized capacitor"/>
      <property name="Sheetname" value="Board Top TempSense"/>
      <property name="Sheetfile" value="TempSense.kicad_sch"/>
      <property name="ki_description" value="Unpolarized capacitor"/>
      <property name="ki_keywords" value="cap capacitor"/>
      <sheetpath names="/Board Top TempSense/" tstamps="/5140a431-0c28-45df-847f-9bd9b5d5eebe/"/>
      <tstamps>24d93c37-45db-4d8b-8270-009ecd5159db</tstamps>
    </comp>
    <comp ref="C5">
      <value>100nF</value>
      <footprint>Capacitor_THT:C_Disc_D3.0mm_W1.6mm_P2.50mm</footprint>
      <libsource lib="Device" part="C" description="Unpolarized capacitor"/>
      <property name="Sheetname" value="Board Top TempSense"/>
      <property name="Sheetfile" value="TempSense.kicad_sch"/>
      <property name="ki_description" value="Unpolarized capacitor"/>
      <property name="ki_keywords" value="cap capacitor"/>
      <sheetpath names="/Board Top TempSense/" tstamps="/5140a431-0c28-45df-847f-9bd9b5d5eebe/"/>
      <tstamps>c99860ee-f0da-4573-baaa-d3fa76405683</tstamps>
    </comp>
    <comp ref="J3">
      <value>Screw_Terminal_01x02</value>
      <footprint>Connector_PinHeader_2.54mm:PinHeader_1x02_P2.54mm_Vertical</footprint>
      <libsource lib="Connector" part="Screw_Terminal_01x02" description="Generic screw terminal, single row, 01x02, script generated (kicad-library-utils/schlib/autogen/connector/)"/>
      <property name="Sheetname" value="Board Top TempSense"/>
      <property name="Sheetfile" value="TempSense.kicad_sch"/>
      <property name="ki_description" value="Generic screw terminal, single row, 01x02, script generated (kicad-library-utils/schlib/autogen/connector/)"/>
      <property name="ki_keywords" value="screw terminal"/>
      <sheetpath names="/Board Top TempSense/" tstamps="/5140a431-0c28-45df-847f-9bd9b5d5eebe/"/>
      <tstamps>601d8450-f53f-40e5-9b97-9b107eea08f0</tstamps>
    </comp>
    <comp ref="R2">
      <value>1M</value>
      <footprint>Capacitor_THT:CP_Axial_L10.0mm_D4.5mm_P15.00mm_Horizontal</footprint>
      <libsource lib="Device" part="R" description="Resistor"/>
      <property name="Sheetname" value="Board Top TempSense"/>
      <property name="Sheetfile" value="TempSense.kicad_sch"/>
      <property name="ki_description" value="Resistor"/>
      <property name="ki_keywords" value="R res resistor"/>
      <sheetpath names="/Board Top TempSense/" tstamps="/5140a431-0c28-45df-847f-9bd9b5d5eebe/"/>
      <tstamps>f406fe04-7cfa-478b-8cbb-5f7d9a1768e9</tstamps>
    </comp>
    <comp ref="R3">
      <value>10K</value>
      <footprint>Capacitor_THT:CP_Axial_L10.0mm_D4.5mm_P15.00mm_Horizontal</footprint>
      <libsource lib="Device" part="R" description="Resistor"/>
      <property name="Sheetname" value="Board Top TempSense"/>
      <property name="Sheetfile" value="TempSense.kicad_sch"/>
      <property name="ki_description" value="Resistor"/>
      <property name="ki_keywords" value="R res resistor"/>
      <sheetpath names="/Board Top TempSense/" tstamps="/5140a431-0c28-45df-847f-9bd9b5d5eebe/"/>
      <tstamps>62f90d1b-4f4d-4be6-9db1-e3a65e5892fd</tstamps>
    </comp>
    <comp ref="R4">
      <value>10K</value>
      <footprint>Capacitor_THT:CP_Axial_L10.0mm_D4.5mm_P15.00mm_Horizontal</footprint>
      <libsource lib="Device" part="R" description="Resistor"/>
      <property name="Sheetname" value="Board Top TempSense"/>
      <property name="Sheetfile" value="TempSense.kicad_sch"/>
      <property name="ki_description" value="Resistor"/>
      <property name="ki_keywords" value="R res resistor"/>
      <sheetpath names="/Board Top TempSense/" tstamps="/5140a431-0c28-45df-847f-9bd9b5d5eebe/"/>
      <tstamps>50e04ddf-eec4-45d1-8a62-5d0737332e99</tstamps>
    </comp>
    <comp ref="U2">
      <value>AD8497</value>
      <footprint>Package_DIP:DIP-8_W7.62mm</footprint>
      <datasheet>https://www.analog.com/media/en/technical-documentation/data-sheets/ad8494_8495_8496_8497.pdf</datasheet>
      <libsource lib="Sensor_Temperature" part="AD8497" description="Precision Thermocouple Amplifiers with Cold Junction Compensation, K-Type Thermocouple, 25 to 100C, MSOP-8"/>
      <property name="Sheetname" value="Board Top TempSense"/>
      <property name="Sheetfile" value="TempSense.kicad_sch"/>
      <property name="ki_description" value="Precision Thermocouple Amplifiers with Cold Junction Compensation, K-Type Thermocouple, 25 to 100C, MSOP-8"/>
      <property name="ki_keywords" value="Thermocouple Amp"/>
      <sheetpath names="/Board Top TempSense/" tstamps="/5140a431-0c28-45df-847f-9bd9b5d5eebe/"/>
      <tstamps>25d32abb-d5f9-46a1-84c8-02bcc03c3f5c</tstamps>
    </comp>
    <comp ref="C6">
      <value>2uF</value>
      <footprint>Capacitor_THT:C_Disc_D3.0mm_W1.6mm_P2.50mm</footprint>
      <libsource lib="Device" part="C" description="Unpolarized capacitor"/>
      <property name="Sheetname" value="Board Bot TempSense"/>
      <property name="Sheetfile" value="TempSense.kicad_sch"/>
      <property name="ki_description" value="Unpolarized capacitor"/>
      <property name="ki_keywords" value="cap capacitor"/>
      <sheetpath names="/Board Bot TempSense/" tstamps="/870f25b5-53e5-4492-b739-84b46d89a791/"/>
      <tstamps>f04a06e0-8824-499a-9ad2-b59b2d1a5432</tstamps>
    </comp>
    <comp ref="C7">
      <value>22uF</value>
      <footprint>Capacitor_THT:C_Disc_D3.0mm_W1.6mm_P2.50mm</footprint>
      <libsource lib="Device" part="C" description="Unpolarized capacitor"/>
      <property name="Sheetname" value="Board Bot TempSense"/>
      <property name="Sheetfile" value="TempSense.kicad_sch"/>
      <property name="ki_description" value="Unpolarized capacitor"/>
      <property name="ki_keywords" value="cap capacitor"/>
      <sheetpath names="/Board Bot TempSense/" tstamps="/870f25b5-53e5-4492-b739-84b46d89a791/"/>
      <tstamps>8e33bf32-bfcf-47fb-b3d5-28b8903c47f3</tstamps>
    </comp>
    <comp ref="C8">
      <value>2uF</value>
      <footprint>Capacitor_THT:C_Disc_D3.0mm_W1.6mm_P2.50mm</footprint>
      <libsource lib="Device" part="C" description="Unpolarized capacitor"/>
      <property name="Sheetname" value="Board Bot TempSense"/>
      <property name="Sheetfile" value="TempSense.kicad_sch"/>
      <property name="ki_description" value="Unpolarized capacitor"/>
      <property name="ki_keywords" value="cap capacitor"/>
      <sheetpath names="/Board Bot TempSense/" tstamps="/870f25b5-53e5-4492-b739-84b46d89a791/"/>
      <tstamps>20f9925f-72e5-4dd2-a667-5e77bc355f0b</tstamps>
    </comp>
    <comp ref="C9">
      <value>100nF</value>
      <footprint>Capacitor_THT:C_Disc_D3.0mm_W1.6mm_P2.50mm</footprint>
      <libsource lib="Device" part="C" description="Unpolarized capacitor"/>
      <property name="Sheetname" value="Board Bot TempSense"/>
      <property name="Sheetfile" value="TempSense.kicad_sch"/>
      <property name="ki_description" value="Unpolarized capacitor"/>
      <property name="ki_keywords" value="cap capacitor"/>
      <sheetpath names="/Board Bot TempSense/" tstamps="/870f25b5-53e5-4492-b739-84b46d89a791/"/>
      <tstamps>24d93c37-45db-4d8b-8270-009ecd5159db</tstamps>
    </comp>
    <comp ref="C10">
      <value>100nF</value>
      <footprint>Capacitor_THT:C_Disc_D3.0mm_W1.6mm_P2.50mm</footprint>
      <libsource lib="Device" part="C" description="Unpolarized capacitor"/>
      <property name="Sheetname" value="Board Bot TempSense"/>
      <property name="Sheetfile" value="TempSense.kicad_sch"/>
      <property name="ki_description" value="Unpolarized capacitor"/>
      <property name="ki_keywords" value="cap capacitor"/>
      <sheetpath names="/Board Bot TempSense/" tstamps="/870f25b5-53e5-4492-b739-84b46d89a791/"/>
      <tstamps>c99860ee-f0da-4573-baaa-d3fa76405683</tstamps>
    </comp>
    <comp ref="J4">
      <value>Screw_Terminal_01x02</value>
      <footprint>Connector_PinHeader_2.54mm:PinHeader_1x02_P2.54mm_Vertical</footprint>
      <libsource lib="Connector" part="Screw_Terminal_01x02" description="Generic screw terminal, single row, 01x02, script generated (kicad-library-utils/schlib/autogen/connector/)"/>
      <property name="Sheetname" value="Board Bot TempSense"/>
      <property name="Sheetfile" value="TempSense.kicad_sch"/>
      <property name="ki_description" value="Generic screw terminal, single row, 01x02, script generated (kicad-library-utils/schlib/autogen/connector/)"/>
      <property name="ki_keywords" value="screw terminal"/>
      <sheetpath names="/Board Bot TempSense/" tstamps="/870f25b5-53e5-4492-b739-84b46d89a791/"/>
      <tstamps>601d8450-f53f-40e5-9b97-9b107eea08f0</tstamps>
    </comp>
    <comp ref="R5">
      <value>1M</value>
      <footprint>Capacitor_THT:CP_Axial_L10.0mm_D4.5mm_P15.00mm_Horizontal</footprint>
      <libsource lib="Device" part="R" description="Resistor"/>
      <property name="Sheetname" value="Board Bot TempSense"/>
      <property name="Sheetfile" value="TempSense.kicad_sch"/>
      <property name="ki_description" value="Resistor"/>
      <property name="ki_keywords" value="R res resistor"/>
      <sheetpath names="/Board Bot TempSense/" tstamps="/870f25b5-53e5-4492-b739-84b46d89a791/"/>
      <tstamps>f406fe04-7cfa-478b-8cbb-5f7d9a1768e9</tstamps>
    </comp>
    <comp ref="R6">
      <value>10K</value>
      <footprint>Capacitor_THT:CP_Axial_L10.0mm_D4.5mm_P15.00mm_Horizontal</footprint>
      <libsource lib="Device" part="R" description="Resistor"/>
      <property name="Sheetname" value="Board Bot TempSense"/>
      <property name="Sheetfile" value="TempSense.kicad_sch"/>
      <property name="ki_description" value="Resistor"/>
      <property name="ki_keywords" value="R res resistor"/>
      <sheetpath names="/Board Bot TempSense/" tstamps="/870f25b5-53e5-4492-b739-84b46d89a791/"/>
      <tstamps>62f90d1b-4f4d-4be6-9db1-e3a65e5892fd</tstamps>
    </comp>
    <comp ref="R7">
      <value>10K</value>
      <footprint>Capacitor_THT:CP_Axial_L10.0mm_D4.5mm_P15.00mm_Horizontal</footprint>
      <libsource lib="Device" part="R" description="Resistor"/>
      <property name="Sheetname" value="Board Bot TempSense"/>
      <property name="Sheetfile" value="TempSense.kicad_sch"/>
      <property name="ki_description" value="Resistor"/>
      <property name="ki_keywords" value="R res resistor"/>
      <sheetpath names="/Board Bot TempSense/" tstamps="/870f25b5-53e5-4492-b739-84b46d89a791/"/>
      <tstamps>50e04ddf-eec4-45d1-8a62-5d0737332e99</tstamps>
    </comp>
    <comp ref="U3">
      <value>AD8497</value>
      <footprint>Package_DIP:DIP-8_W7.62mm</footprint>
      <datasheet>https://www.analog.com/media/en/technical-documentation/data-sheets/ad8494_8495_8496_8497.pdf</datasheet>
      <libsource lib="Sensor_Temperature" part="AD8497" description="Precision Thermocouple Amplifiers with Cold Junction Compensation, K-Type Thermocouple, 25 to 100C, MSOP-8"/>
      <property name="Sheetname" value="Board Bot TempSense"/>
      <property name="Sheetfile" value="TempSense.kicad_sch"/>
      <property name="ki_description" value="Precision Thermocouple Amplifiers with Cold Junction Compensation, K-Type Thermocouple, 25 to 100C, MSOP-8"/>
      <property name="ki_keywords" value="Thermocouple Amp"/>
      <sheetpath names="/Board Bot TempSense/" tstamps="/870f25b5-53e5-4492-b739-84b46d89a791/"/>
      <tstamps>25d32abb-d5f9-46a1-84c8-02bcc03c3f5c</tstamps>
    </comp>
    <comp ref="C11">
      <value>2uF</value>
      <footprint>Capacitor_THT:C_Disc_D3.0mm_W1.6mm_P2.50mm</footprint>
      <libsource lib="Device" part="C" description="Unpolarized capacitor"/>
      <property name="Sheetname" value="Ambient TempSense"/>
      <property name="Sheetfile" value="TempSense.kicad_sch"/>
      <property name="ki_description" value="Unpolarized capacitor"/>
      <property name="ki_keywords" value="cap capacitor"/>
      <sheetpath names="/Ambient TempSense/" tstamps="/141f3079-8334-4f4a-9977-ad69ae4aaaae/"/>
      <tstamps>f04a06e0-8824-499a-9ad2-b59b2d1a5432</tstamps>
    </comp>
    <comp ref="C12">
      <value>22uF</value>
      <footprint>Capacitor_THT:C_Disc_D3.0mm_W1.6mm_P2.50mm</footprint>
      <libsource lib="Device" part="C" description="Unpolarized capacitor"/>
      <property name="Sheetname" value="Ambient TempSense"/>
      <property name="Sheetfile" value="TempSense.kicad_sch"/>
      <property name="ki_description" value="Unpolarized capacitor"/>
      <property name="ki_keywords" value="cap capacitor"/>
      <sheetpath names="/Ambient TempSense/" tstamps="/141f3079-8334-4f4a-9977-ad69ae4aaaae/"/>
      <tstamps>8e33bf32-bfcf-47fb-b3d5-28b8903c47f3</tstamps>
    </comp>
    <comp ref="C13">
      <value>2uF</value>
      <footprint>Capacitor_THT:C_Disc_D3.0mm_W1.6mm_P2.50mm</footprint>
      <libsource lib="Device" part="C" description="Unpolarized capacitor"/>
      <property name="Sheetname" value="Ambient TempSense"/>
      <property name="Sheetfile" value="TempSense.kicad_sch"/>
      <property name="ki_description" value="Unpolarized capacitor"/>
      <property name="ki_keywords" value="cap capacitor"/>
      <sheetpath names="/Ambient TempSense/" tstamps="/141f3079-8334-4f4a-9977-ad69ae4aaaae/"/>
      <tstamps>20f9925f-72e5-4dd2-a667-5e77bc355f0b</tstamps>
    </comp>
    <comp ref="C14">
      <value>100nF</value>
      <footprint>Capacitor_THT:C_Disc_D3.0mm_W1.6mm_P2.50mm</footprint>
      <libsource lib="Device" part="C" description="Unpolarized capacitor"/>
      <property name="Sheetname" value="Ambient TempSense"/>
      <property name="Sheetfile" value="TempSense.kicad_sch"/>
      <property name="ki_description" value="Unpolarized capacitor"/>
      <property name="ki_keywords" value="cap capacitor"/>
      <sheetpath names="/Ambient TempSense/" tstamps="/141f3079-8334-4f4a-9977-ad69ae4aaaae/"/>
      <tstamps>24d93c37-45db-4d8b-8270-009ecd5159db</tstamps>
    </comp>
    <comp ref="C15">
      <value>100nF</value>
      <footprint>Capacitor_THT:C_Disc_D3.0mm_W1.6mm_P2.50mm</footprint>
      <libsource lib="Device" part="C" description="Unpolarized capacitor"/>
      <property name="Sheetname" value="Ambient TempSense"/>
      <property name="Sheetfile" value="TempSense.kicad_sch"/>
      <property name="ki_description" value="Unpolarized capacitor"/>
      <property name="ki_keywords" value="cap capacitor"/>
      <sheetpath names="/Ambient TempSense/" tstamps="/141f3079-8334-4f4a-9977-ad69ae4aaaae/"/>
      <tstamps>c99860ee-f0da-4573-baaa-d3fa76405683</tstamps>
    </comp>
    <comp ref="J5">
      <value>Screw_Terminal_01x02</value>
      <footprint>Connector_PinHeader_2.54mm:PinHeader_1x02_P2.54mm_Vertical</footprint>
      <libsource lib="Connector" part="Screw_Terminal_01x02" description="Generic screw terminal, single row, 01x02, script generated (kicad-library-utils/schlib/autogen/connector/)"/>
      <property name="Sheetname" value="Ambient TempSense"/>
      <property name="Sheetfile" value="TempSense.kicad_sch"/>
      <property name="ki_description" value="Generic screw terminal, single row, 01x02, script generated (kicad-library-utils/schlib/autogen/connector/)"/>
      <property name="ki_keywords" value="screw terminal"/>
      <sheetpath names="/Ambient TempSense/" tstamps="/141f3079-8334-4f4a-9977-ad69ae4aaaae/"/>
      <tstamps>601d8450-f53f-40e5-9b97-9b107eea08f0</tstamps>
    </comp>
    <comp ref="R8">
      <value>1M</value>
      <footprint>Capacitor_THT:CP_Axial_L10.0mm_D4.5mm_P15.00mm_Horizontal</footprint>
      <libsource lib="Device" part="R" description="Resistor"/>
      <property name="Sheetname" value="Ambient TempSense"/>
      <property name="Sheetfile" value="TempSense.kicad_sch"/>
      <property name="ki_description" value="Resistor"/>
      <property name="ki_keywords" value="R res resistor"/>
      <sheetpath names="/Ambient TempSense/" tstamps="/141f3079-8334-4f4a-9977-ad69ae4aaaae/"/>
      <tstamps>f406fe04-7cfa-478b-8cbb-5f7d9a1768e9</tstamps>
    </comp>
    <comp ref="R9">
      <value>10K</value>
      <footprint>Capacitor_THT:CP_Axial_L10.0mm_D4.5mm_P15.00mm_Horizontal</footprint>
      <libsource lib="Device" part="R" description="Resistor"/>
      <property name="Sheetname" value="Ambient TempSense"/>
      <property name="Sheetfile" value="TempSense.kicad_sch"/>
      <property name="ki_description" value="Resistor"/>
      <property name="ki_keywords" value="R res resistor"/>
      <sheetpath names="/Ambient TempSense/" tstamps="/141f3079-8334-4f4a-9977-ad69ae4aaaae/"/>
      <tstamps>62f90d1b-4f4d-4be6-9db1-e3a65e5892fd</tstamps>
    </comp>
    <comp ref="R10">
      <value>10K</value>
      <footprint>Capacitor_THT:CP_Axial_L10.0mm_D4.5mm_P15.00mm_Horizontal</footprint>
      <libsource lib="Device" part="R" description="Resistor"/>
      <property name="Sheetname" value="Ambient TempSense"/>
      <property name="Sheetfile" value="TempSense.kicad_sch"/>
      <property name="ki_description" value="Resistor"/>
      <property name="ki_keywords" value="R res resistor"/>
      <sheetpath names="/Ambient TempSense/" tstamps="/141f3079-8334-4f4a-9977-ad69ae4aaaae/"/>
      <tstamps>50e04ddf-eec4-45d1-8a62-5d0737332e99</tstamps>
    </comp>
    <comp ref="U4">
      <value>AD8497</value>
      <footprint>Package_DIP:DIP-8_W7.62mm</footprint>
      <datasheet>https://www.analog.com/media/en/technical-documentation/data-sheets/ad8494_8495_8496_8497.pdf</datasheet>
      <libsource lib="Sensor_Temperature" part="AD8497" description="Precision Thermocouple Amplifiers with Cold Junction Compensation, K-Type Thermocouple, 25 to 100C, MSOP-8"/>
      <property name="Sheetname" value="Ambient TempSense"/>
      <property name="Sheetfile" value="TempSense.kicad_sch"/>
      <property name="ki_description" value="Precision Thermocouple Amplifiers with Cold Junction Compensation, K-Type Thermocouple, 25 to 100C, MSOP-8"/>
      <property name="ki_keywords" value="Thermocouple Amp"/>
      <sheetpath names="/Ambient TempSense/" tstamps="/141f3079-8334-4f4a-9977-ad69ae4aaaae/"/>
      <tstamps>25d32abb-d5f9-46a1-84c8-02bcc03c3f5c</tstamps>
    </comp>
  </components>
  <libparts>
    <libpart lib="Connector" part="Screw_Terminal_01x02">
      <description>Generic screw terminal, single row, 01x02, script generated (kicad-library-utils/schlib/autogen/connector/)</description>
      <docs>~</docs>
      <footprints>
        <fp>TerminalBlock*:*</fp>
      </footprints>
      <fields>
        <field name="Reference">J</field>
        <field name="Value">Screw_Terminal_01x02</field>
        <field name="Datasheet">~</field>
      </fields>
      <pins>
        <pin num="1" name="Pin_1" type="passive"/>
        <pin num="2" name="Pin_2" type="passive"/>
      </pins>
    </libpart>
    <libpart lib="Connector" part="Screw_Terminal_01x04">
      <description>Generic screw terminal, single row, 01x04, script generated (kicad-library-utils/schlib/autogen/connector/)</description>
      <docs>~</docs>
      <footprints>
        <fp>TerminalBlock*:*</fp>
      </footprints>
      <fields>
        <field name="Reference">J</field>
        <field name="Value">Screw_Terminal_01x04</field>
        <field name="Datasheet">~</field>
      </fields>
      <pins>
        <pin num="1" name="Pin_1" type="passive"/>
        <pin num="2" name="Pin_2" type="passive"/>
        <pin num="3" name="Pin_3" type="passive"/>
        <pin num="4" name="Pin_4" type="passive"/>
      </pins>
    </libpart>
    <libpart lib="Device" part="C">
      <description>Unpolarized capacitor</description>
      <docs>~</docs>
      <footprints>
        <fp>C_*</fp>
      </footprints>
      <fields>
        <field name="Reference">C</field>
        <field name="Value">C</field>
        <field name="Datasheet">~</field>
      </fields>
      <pins>
        <pin num="1" name="" type="passive"/>
        <pin num="2" name="" type="passive"/>
      </pins>
    </libpart>
    <libpart lib="Device" part="LED">
      <description>Light emitting diode</description>
      <docs>~</docs>
      <footprints>
        <fp>LED*</fp>
        <fp>LED_SMD:*</fp>
        <fp>LED_THT:*</fp>
      </footprints>
      <fields>
        <field name="Reference">D</field>
        <field name="Value">LED</field>
        <field name="Datasheet">~</field>
      </fields>
      <pins>
        <pin num="1" name="K" type="passive"/>
        <pin num="2" name="A" type="passive"/>
      </pins>
    </libpart>
    <libpart lib="Device" part="R">
      <description>Resistor</description>
      <docs>~</docs>
      <footprints>
        <fp>R_*</fp>
      </footprints>
      <fields>
        <field name="Reference">R</field>
        <field name="Value">R</field>
        <field name="Datasheet">~</field>
      </fields>
      <pins>
        <pin num="1" name="" type="passive"/>
        <pin num="2" name="" type="passive"/>
      </pins>
    </libpart>
    <libpart lib="Device" part="RotaryEncoder_Switch">
      <description>Rotary encoder, dual channel, incremental quadrate outputs, with switch</description>
      <docs>~</docs>
      <footprints>
        <fp>RotaryEncoder*Switch*</fp>
      </footprints>
      <fields>
        <field name="Reference">SW1</field>
        <field name="Value">RotaryEncoder_Switch</field>
        <field name="Footprint">Connector_PinHeader_2.54mm:PinHeader_1x04_P2.54mm_Vertical</field>
        <field name="Datasheet">~</field>
      </fields>
      <pins>
        <pin num="1" name="A" type="passive"/>
        <pin num="2" name="B" type="passive"/>
        <pin num="3" name="S2" type="passive"/>
        <pin num="4" name="S1" type="passive"/>
        <pin num="C" name="C" type="passive"/>
      </pins>
    </libpart>
    <libpart lib="DisplayDevices_Library" part="TFT+SDCard128x160">
      <fields>
        <field name="Reference">U4</field>
        <field name="Value">~</field>
      </fields>
      <pins>
        <pin num="1" name="TFT_GND" type="input"/>
        <pin num="2" name="TFT_VCC" type="input"/>
        <pin num="3" name="NC" type="input"/>
        <pin num="4" name="NC" type="input"/>
        <pin num="5" name="NC" type="input"/>
        <pin num="6" name="TFT_Reset" type="input"/>
        <pin num="7" name="TFT_A0_(D/C)" type="input"/>
        <pin num="8" name="TFT_SDA_(MOSI)" type="input"/>
        <pin num="9" name="TFT_SCK_(SPI_CLK)" type="input"/>
        <pin num="10" name="TFT_CS" type="input"/>
        <pin num="11" name="SDC_SCK(SPI_CLK)" type="input"/>
        <pin num="12" name="SDC_MISO" type="input"/>
        <pin num="13" name="SDC_MOSI" type="input"/>
        <pin num="14" name="SDC_CS" type="input"/>
        <pin num="15" name="TFT_LED+" type="input"/>
        <pin num="16" name="TFT_LED-" type="input"/>
      </pins>
    </libpart>
    <libpart lib="MCU_Module" part="Arduino_UNO_R3">
      <description>Arduino UNO Microcontroller Module, release 3</description>
      <docs>https://www.arduino.cc/en/Main/arduinoBoardUno</docs>
      <footprints>
        <fp>Arduino*UNO*R3*</fp>
      </footprints>
      <fields>
        <field name="Reference">A</field>
        <field name="Value">Arduino_UNO_R3</field>
        <field name="Footprint">Module:Arduino_UNO_R3</field>
        <field name="Datasheet">https://www.arduino.cc/en/Main/arduinoBoardUno</field>
      </fields>
      <pins>
        <pin num="1" name="NC" type="no_connect"/>
        <pin num="2" name="IOREF" type="output"/>
        <pin num="3" name="~{RESET}" type="input"/>
        <pin num="4" name="3V3" type="power_out"/>
        <pin num="5" name="+5V" type="power_out"/>
        <pin num="6" name="GND" type="power_in"/>
        <pin num="7" name="GND" type="power_in"/>
        <pin num="8" name="VIN" type="power_in"/>
        <pin num="9" name="A0" type="bidirectional"/>
        <pin num="10" name="A1" type="bidirectional"/>
        <pin num="11" name="A2" type="bidirectional"/>
        <pin num="12" name="A3" type="bidirectional"/>
        <pin num="13" name="SDA/A4" type="bidirectional"/>
        <pin num="14" name="SCL/A5" type="bidirectional"/>
        <pin num="15" name="D0/RX" type="bidirectional"/>
        <pin num="16" name="D1/TX" type="bidirectional"/>
        <pin num="17" name="D2" type="bidirectional"/>
        <pin num="18" name="D3" type="bidirectional"/>
        <pin num="19" name="D4" type="bidirectional"/>
        <pin num="20" name="D5" type="bidirectional"/>
        <pin num="21" name="D6" type="bidirectional"/>
        <pin num="22" name="D7" type="bidirectional"/>
        <pin num="23" name="D8" type="bidirectional"/>
        <pin num="24" name="D9" type="bidirectional"/>
        <pin num="25" name="D10" type="bidirectional"/>
        <pin num="26" name="D11" type="bidirectional"/>
        <pin num="27" name="D12" type="bidirectional"/>
        <pin num="28" name="D13" type="bidirectional"/>
        <pin num="29" name="GND" type="power_in"/>
        <pin num="30" name="AREF" type="input"/>
        <pin num="31" name="SDA/A4" type="bidirectional"/>
        <pin num="32" name="SCL/A5" type="bidirectional"/>
      </pins>
    </libpart>
    <libpart lib="Sensor_Temperature" part="AD8497">
      <description>Precision Thermocouple Amplifiers with Cold Junction Compensation, K-Type Thermocouple, 25 to 100C, MSOP-8</description>
      <docs>https://www.analog.com/media/en/technical-documentation/data-sheets/ad8494_8495_8496_8497.pdf</docs>
      <footprints>
        <fp>MSOP*8*</fp>
      </footprints>
      <fields>
        <field name="Reference">U</field>
        <field name="Value">AD8497</field>
        <field name="Footprint">Package_SO:MSOP-8_3x3mm_P0.65mm</field>
        <field name="Datasheet">https://www.analog.com/media/en/technical-documentation/data-sheets/ad8494_8495_8496_8497.pdf</field>
      </fields>
      <pins>
        <pin num="1" name="-IN" type="input"/>
        <pin num="2" name="REF" type="input"/>
        <pin num="3" name="-Vs" type="power_in"/>
        <pin num="4" name="NC" type="no_connect"/>
        <pin num="5" name="SENSE" type="passive"/>
        <pin num="6" name="" type="output"/>
        <pin num="7" name="+Vs" type="power_in"/>
        <pin num="8" name="+IN" type="input"/>
      </pins>
    </libpart>
    <libpart lib="Switch" part="SW_SPST">
      <description>Single Pole Single Throw (SPST) switch</description>
      <docs>~</docs>
      <fields>
        <field name="Reference">SW</field>
        <field name="Value">SW_SPST</field>
        <field name="Datasheet">~</field>
      </fields>
      <pins>
        <pin num="1" name="A" type="passive"/>
        <pin num="2" name="B" type="passive"/>
      </pins>
    </libpart>
  </libparts>
  <libraries>
    <library logical="Connector">
      <uri>C:\Program Files\KiCad\7.0\share\kicad\symbols\/Connector.kicad_sym</uri>
    </library>
    <library logical="Device">
      <uri>C:\Program Files\KiCad\7.0\share\kicad\symbols\/Device.kicad_sym</uri>
    </library>
    <library logical="DisplayDevices_Library">
      <uri>P:\Personal\Electronics\Projects\Preheater\Preheater-Main/DisplayDevices_Library.kicad_sym</uri>
    </library>
    <library logical="MCU_Module">
      <uri>C:\Program Files\KiCad\7.0\share\kicad\symbols\/MCU_Module.kicad_sym</uri>
    </library>
    <library logical="Sensor_Temperature">
      <uri>C:\Program Files\KiCad\7.0\share\kicad\symbols\/Sensor_Temperature.kicad_sym</uri>
    </library>
    <library logical="Switch">
      <uri>C:\Program Files\KiCad\7.0\share\kicad\symbols\/Switch.kicad_sym</uri>
    </library>
  </libraries>
  <nets>
    <net code="1" name="/Ambient TempSense/Temp Out">
      <node ref="A1" pin="9" pinfunction="A0" pintype="bidirectional"/>
      <node ref="U4" pin="5" pinfunction="SENSE" pintype="passive"/>
      <node ref="U4" pin="6" pintype="output"/>
    </net>
    <net code="2" name="/Board Bot TempSense/Temp Out">
      <node ref="A1" pin="10" pinfunction="A1" pintype="bidirectional"/>
      <node ref="U3" pin="5" pinfunction="SENSE" pintype="passive"/>
      <node ref="U3" pin="6" pintype="output"/>
    </net>
    <net code="3" name="/Board Top TempSense/Temp Out">
      <node ref="A1" pin="11" pinfunction="A2" pintype="bidirectional"/>
      <node ref="U2" pin="5" pinfunction="SENSE" pintype="passive"/>
      <node ref="U2" pin="6" pintype="output"/>
    </net>
    <net code="4" name="/CoolingCntrl">
      <node ref="A1" pin="17" pinfunction="D2" pintype="bidirectional"/>
      <node ref="J2" pin="1" pinfunction="Pin_1" pintype="passive"/>
    </net>
    <net code="5" name="/HeaterCntrl">
      <node ref="A1" pin="22" pinfunction="D7" pintype="bidirectional"/>
      <node ref="J1" pin="3" pinfunction="Pin_3" pintype="passive"/>
    </net>
    <net code="6" name="/LED Anode">
      <node ref="A1" pin="13" pinfunction="SDA/A4" pintype="bidirectional"/>
      <node ref="D1" pin="2" pinfunction="A" pintype="passive"/>
      <node ref="J6" pin="1" pinfunction="Pin_1" pintype="passive"/>
    </net>
    <net code="7" name="/SW Pin">
      <node ref="A1" pin="18" pinfunction="D3" pintype="bidirectional"/>
      <node ref="J6" pin="3" pinfunction="Pin_3" pintype="passive"/>
      <node ref="SW2" pin="1" pinfunction="A" pintype="passive"/>
    </net>
    <net code="8" name="5V VCC">
      <node ref="A1" pin="5" pinfunction="+5V" pintype="power_out"/>
      <node ref="C10" pin="1" pintype="passive"/>
      <node ref="C15" pin="1" pintype="passive"/>
      <node ref="C5" pin="1" pintype="passive"/>
      <node ref="J1" pin="1" pinfunction="Pin_1" pintype="passive"/>
      <node ref="U1" pin="15" pinfunction="TFT_LED+" pintype="input"/>
      <node ref="U1" pin="2" pinfunction="TFT_VCC" pintype="input"/>
      <node ref="U2" pin="7" pinfunction="+Vs" pintype="power_in"/>
      <node ref="U3" pin="7" pinfunction="+Vs" pintype="power_in"/>
      <node ref="U4" pin="7" pinfunction="+Vs" pintype="power_in"/>
    </net>
    <net code="9" name="DIg GND">
      <node ref="C1" pin="1" pintype="passive"/>
      <node ref="C10" pin="2" pintype="passive"/>
      <node ref="C11" pin="1" pintype="passive"/>
      <node ref="C13" pin="2" pintype="passive"/>
      <node ref="C14" pin="1" pintype="passive"/>
      <node ref="C14" pin="2" pintype="passive"/>
      <node ref="C15" pin="2" pintype="passive"/>
      <node ref="C3" pin="2" pintype="passive"/>
      <node ref="C4" pin="1" pintype="passive"/>
      <node ref="C4" pin="2" pintype="passive"/>
      <node ref="C5" pin="2" pintype="passive"/>
      <node ref="C6" pin="1" pintype="passive"/>
      <node ref="C8" pin="2" pintype="passive"/>
      <node ref="C9" pin="1" pintype="passive"/>
      <node ref="C9" pin="2" pintype="passive"/>
      <node ref="J1" pin="4" pinfunction="Pin_4" pintype="passive"/>
      <node ref="J2" pin="2" pinfunction="Pin_2" pintype="passive"/>
      <node ref="J6" pin="2" pinfunction="Pin_2" pintype="passive"/>
      <node ref="J6" pin="4" pinfunction="Pin_4" pintype="passive"/>
      <node ref="R1" pin="2" pintype="passive"/>
      <node ref="R2" pin="2" pintype="passive"/>
      <node ref="R5" pin="2" pintype="passive"/>
      <node ref="R8" pin="2" pintype="passive"/>
      <node ref="SW1" pin="4" pinfunction="S1" pintype="passive"/>
      <node ref="SW2" pin="2" pinfunction="B" pintype="passive"/>
      <node ref="U1" pin="1" pinfunction="TFT_GND" pintype="input"/>
      <node ref="U1" pin="16" pinfunction="TFT_LED-" pintype="input"/>
      <node ref="U2" pin="2" pinfunction="REF" pintype="input"/>
      <node ref="U2" pin="3" pinfunction="-Vs" pintype="power_in"/>
      <node ref="U3" pin="2" pinfunction="REF" pintype="input"/>
      <node ref="U3" pin="3" pinfunction="-Vs" pintype="power_in"/>
      <node ref="U4" pin="2" pinfunction="REF" pintype="input"/>
      <node ref="U4" pin="3" pinfunction="-Vs" pintype="power_in"/>
    </net>
    <net code="10" name="Net-(A1-A3)">
      <node ref="A1" pin="12" pinfunction="A3" pintype="bidirectional"/>
      <node ref="J1" pin="2" pinfunction="Pin_2" pintype="passive"/>
    </net>
    <net code="11" name="Net-(A1-D4)">
      <node ref="A1" pin="19" pinfunction="D4" pintype="bidirectional"/>
      <node ref="SW1" pin="3" pinfunction="S2" pintype="passive"/>
    </net>
    <net code="12" name="Net-(A1-D5)">
      <node ref="A1" pin="20" pinfunction="D5" pintype="bidirectional"/>
      <node ref="SW1" pin="2" pinfunction="B" pintype="passive"/>
    </net>
    <net code="13" name="Net-(A1-D6)">
      <node ref="A1" pin="21" pinfunction="D6" pintype="bidirectional"/>
      <node ref="SW1" pin="1" pinfunction="A" pintype="passive"/>
    </net>
    <net code="14" name="Net-(A1-D8)">
      <node ref="A1" pin="23" pinfunction="D8" pintype="bidirectional"/>
      <node ref="U1" pin="6" pinfunction="TFT_Reset" pintype="input"/>
    </net>
    <net code="15" name="Net-(A1-D9)">
      <node ref="A1" pin="24" pinfunction="D9" pintype="bidirectional"/>
      <node ref="U1" pin="7" pinfunction="TFT_A0_(D/C)" pintype="input"/>
    </net>
    <net code="16" name="Net-(A1-D10)">
      <node ref="A1" pin="25" pinfunction="D10" pintype="bidirectional"/>
      <node ref="U1" pin="10" pinfunction="TFT_CS" pintype="input"/>
    </net>
    <net code="17" name="Net-(A1-D11)">
      <node ref="A1" pin="26" pinfunction="D11" pintype="bidirectional"/>
      <node ref="U1" pin="13" pinfunction="SDC_MOSI" pintype="input"/>
      <node ref="U1" pin="8" pinfunction="TFT_SDA_(MOSI)" pintype="input"/>
    </net>
    <net code="18" name="Net-(A1-D12)">
      <node ref="A1" pin="27" pinfunction="D12" pintype="bidirectional"/>
      <node ref="U1" pin="12" pinfunction="SDC_MISO" pintype="input"/>
    </net>
    <net code="19" name="Net-(A1-D13)">
      <node ref="A1" pin="28" pinfunction="D13" pintype="bidirectional"/>
      <node ref="U1" pin="11" pinfunction="SDC_SCK(SPI_CLK)" pintype="input"/>
      <node ref="U1" pin="9" pinfunction="TFT_SCK_(SPI_CLK)" pintype="input"/>
    </net>
    <net code="20" name="Net-(D1-K)">
      <node ref="D1" pin="1" pinfunction="K" pintype="passive"/>
      <node ref="R1" pin="1" pintype="passive"/>
    </net>
    <net code="21" name="Net-(J3-Pin_1)">
      <node ref="J3" pin="1" pinfunction="Pin_1" pintype="passive"/>
      <node ref="R2" pin="1" pintype="passive"/>
      <node ref="R4" pin="1" pintype="passive"/>
    </net>
    <net code="22" name="Net-(J3-Pin_2)">
      <node ref="J3" pin="2" pinfunction="Pin_2" pintype="passive"/>
      <node ref="R3" pin="1" pintype="passive"/>
    </net>
    <net code="23" name="Net-(J4-Pin_1)">
      <node ref="J4" pin="1" pinfunction="Pin_1" pintype="passive"/>
      <node ref="R5" pin="1" pintype="passive"/>
      <node ref="R7" pin="1" pintype="passive"/>
    </net>
    <net code="24" name="Net-(J4-Pin_2)">
      <node ref="J4" pin="2" pinfunction="Pin_2" pintype="passive"/>
      <node ref="R6" pin="1" pintype="passive"/>
    </net>
    <net code="25" name="Net-(J5-Pin_1)">
      <node ref="J5" pin="1" pinfunction="Pin_1" pintype="passive"/>
      <node ref="R10" pin="1" pintype="passive"/>
      <node ref="R8" pin="1" pintype="passive"/>
    </net>
    <net code="26" name="Net-(J5-Pin_2)">
      <node ref="J5" pin="2" pinfunction="Pin_2" pintype="passive"/>
      <node ref="R9" pin="1" pintype="passive"/>
    </net>
    <net code="27" name="Net-(U1-SDC_CS)">
      <node ref="A1" pin="14" pinfunction="SCL/A5" pintype="bidirectional"/>
      <node ref="U1" pin="14" pinfunction="SDC_CS" pintype="input"/>
    </net>
    <net code="28" name="Net-(U2-+IN)">
      <node ref="C1" pin="2" pintype="passive"/>
      <node ref="C2" pin="1" pintype="passive"/>
      <node ref="R3" pin="2" pintype="passive"/>
      <node ref="U2" pin="8" pinfunction="+IN" pintype="input"/>
    </net>
    <net code="29" name="Net-(U2--IN)">
      <node ref="C2" pin="2" pintype="passive"/>
      <node ref="C3" pin="1" pintype="passive"/>
      <node ref="R4" pin="2" pintype="passive"/>
      <node ref="U2" pin="1" pinfunction="-IN" pintype="input"/>
    </net>
    <net code="30" name="Net-(U3-+IN)">
      <node ref="C6" pin="2" pintype="passive"/>
      <node ref="C7" pin="1" pintype="passive"/>
      <node ref="R6" pin="2" pintype="passive"/>
      <node ref="U3" pin="8" pinfunction="+IN" pintype="input"/>
    </net>
    <net code="31" name="Net-(U3--IN)">
      <node ref="C7" pin="2" pintype="passive"/>
      <node ref="C8" pin="1" pintype="passive"/>
      <node ref="R7" pin="2" pintype="passive"/>
      <node ref="U3" pin="1" pinfunction="-IN" pintype="input"/>
    </net>
    <net code="32" name="Net-(U4-+IN)">
      <node ref="C11" pin="2" pintype="passive"/>
      <node ref="C12" pin="1" pintype="passive"/>
      <node ref="R9" pin="2" pintype="passive"/>
      <node ref="U4" pin="8" pinfunction="+IN" pintype="input"/>
    </net>
    <net code="33" name="Net-(U4--IN)">
      <node ref="C12" pin="2" pintype="passive"/>
      <node ref="C13" pin="1" pintype="passive"/>
      <node ref="R10" pin="2" pintype="passive"/>
      <node ref="U4" pin="1" pinfunction="-IN" pintype="input"/>
    </net>
    <net code="34" name="unconnected-(A1-3V3-Pad4)">
      <node ref="A1" pin="4" pinfunction="3V3" pintype="power_out+no_connect"/>
    </net>
    <net code="35" name="unconnected-(A1-AREF-Pad30)">
      <node ref="A1" pin="30" pinfunction="AREF" pintype="input+no_connect"/>
    </net>
    <net code="36" name="unconnected-(A1-D0{slash}RX-Pad15)">
      <node ref="A1" pin="15" pinfunction="D0/RX" pintype="bidirectional+no_connect"/>
    </net>
    <net code="37" name="unconnected-(A1-D1{slash}TX-Pad16)">
      <node ref="A1" pin="16" pinfunction="D1/TX" pintype="bidirectional+no_connect"/>
    </net>
    <net code="38" name="unconnected-(A1-GND-Pad6)">
      <node ref="A1" pin="6" pinfunction="GND" pintype="power_in+no_connect"/>
    </net>
    <net code="39" name="unconnected-(A1-GND-Pad7)">
      <node ref="A1" pin="7" pinfunction="GND" pintype="power_in+no_connect"/>
    </net>
    <net code="40" name="unconnected-(A1-GND-Pad29)">
      <node ref="A1" pin="29" pinfunction="GND" pintype="power_in+no_connect"/>
    </net>
    <net code="41" name="unconnected-(A1-IOREF-Pad2)">
      <node ref="A1" pin="2" pinfunction="IOREF" pintype="output+no_connect"/>
    </net>
    <net code="42" name="unconnected-(A1-NC-Pad1)">
      <node ref="A1" pin="1" pinfunction="NC" pintype="no_connect"/>
    </net>
    <net code="43" name="unconnected-(A1-SCL{slash}A5-Pad32)">
      <node ref="A1" pin="32" pinfunction="SCL/A5" pintype="bidirectional+no_connect"/>
    </net>
    <net code="44" name="unconnected-(A1-SDA{slash}A4-Pad31)">
      <node ref="A1" pin="31" pinfunction="SDA/A4" pintype="bidirectional+no_connect"/>
    </net>
    <net code="45" name="unconnected-(A1-VIN-Pad8)">
      <node ref="A1" pin="8" pinfunction="VIN" pintype="power_in+no_connect"/>
    </net>
    <net code="46" name="unconnected-(A1-~{RESET}-Pad3)">
      <node ref="A1" pin="3" pinfunction="~{RESET}" pintype="input+no_connect"/>
    </net>
    <net code="47" name="unconnected-(SW1-PadC)">
      <node ref="SW1" pin="C" pinfunction="C" pintype="passive+no_connect"/>
    </net>
    <net code="48" name="unconnected-(U1-NC-Pad3)">
      <node ref="U1" pin="3" pinfunction="NC" pintype="input+no_connect"/>
    </net>
    <net code="49" name="unconnected-(U1-NC-Pad4)">
      <node ref="U1" pin="4" pinfunction="NC" pintype="input+no_connect"/>
    </net>
    <net code="50" name="unconnected-(U1-NC-Pad5)">
      <node ref="U1" pin="5" pinfunction="NC" pintype="input+no_connect"/>
    </net>
    <net code="51" name="unconnected-(U2-NC-Pad4)">
      <node ref="U2" pin="4" pinfunction="NC" pintype="no_connect"/>
    </net>
    <net code="52" name="unconnected-(U3-NC-Pad4)">
      <node ref="U3" pin="4" pinfunction="NC" pintype="no_connect"/>
    </net>
    <net code="53" name="unconnected-(U4-NC-Pad4)">
      <node ref="U4" pin="4" pinfunction="NC" pintype="no_connect"/>
    </net>
  </nets>
</export>
